filename,category,area,perimeter,major_axis,minor_axis,convex_area,convex_perimeter,roundness,solidity,compactness,eccentricity,elongation
papule_68.jpg,Papule,36807.0,3124.97,372.68,184.03,65687.5,1016.86,0.4473196303675247,0.5603349191246432,0.04736402267282859,0.8695745670157182,0.506198347107438
papule_76.jpg,Papule,25875.0,2654.13,292.01,217.5,58535.0,955.46,0.35617645091946903,0.44204322200392926,0.04615787860895018,0.667245899428307,0.25516249443512207
papule_81.jpg,Papule,37633.5,2505.63,326.05,194.04,57603.5,934.27,0.5418008317140273,0.6533196767557526,0.07532698659374569,0.8036342964590065,0.40487655267597
papule_95.jpg,Papule,29937.5,3029.02,344.22,183.63,61903.5,995.73,0.37943921286804655,0.4836156275493308,0.04100351736502163,0.845820899008993,0.4665330312009762
papule_102.jpg,Papule,22004.5,4551.45,304.81,267.18,57342.5,999.38,0.27685990203724625,0.3837380651349348,0.013348172683520072,0.4813180142685414,0.1234539549227387
papule_63.jpg,Papule,18212.0,1421.0,228.32,130.19,25203.5,660.04,0.5253236999468186,0.7225980518578768,0.11333899303189131,0.8215000244085776,0.42979152067273996
papule_64.jpg,Papule,31357.0,2166.08,245.01,203.61,47034.5,819.51,0.5867267044334646,0.6666808406595159,0.08398377369903531,0.5562316229154981,0.16897269499204104
papule_65.jpg,Papule,33923.0,3512.34,285.86,214.28,65806.0,962.53,0.4601247214536064,0.515500106373279,0.034555009530032064,0.6618937077834518,0.25040229482963694
papule_66.jpg,Papule,40478.0,2177.67,386.13,183.44,64838.0,1053.81,0.45804092095389193,0.6242943952620377,0.10726172414318706,0.87994629998272,0.5249268381115169
papule_67.jpg,Papule,13049.0,778.47,167.72,105.93,14748.0,460.37,0.7737008339473204,0.884797938703553,0.2705847607525816,0.7753039027041624,0.36841163844502733
papule_69.jpg,Papule,12826.5,1376.46,227.46,104.25,22315.0,625.89,0.41145467761403437,0.574792740309209,0.08507282193126434,0.8887860431320139,0.5416776576101292
papule_70.jpg,Papule,18589.0,1000.97,218.74,144.52,25383.0,644.89,0.5616873024027818,0.732340542883032,0.23314374511984037,0.7506561663850917,0.33930693974581694
papule_71.jpg,Papule,27278.0,2183.11,252.58,168.23,39618.0,754.74,0.6017660107450123,0.6885254177394113,0.07192355595432742,0.7459103106460885,0.3339535988597673
papule_72.jpg,Papule,12482.5,1032.5,153.03,123.57,16474.5,481.11,0.6776768825607407,0.7576861209748399,0.14714019189300598,0.5898830008033009,0.19251127229954912
papule_73.jpg,Papule,20251.0,2330.93,268.92,126.4,32693.5,707.13,0.5089297192741775,0.6194197623380794,0.04683794958377183,0.8826513658744093,0.5299717388070802
papule_74.jpg,Papule,59827.0,4128.7,338.05,245.0,86644.0,1201.83,0.5205003293023732,0.6904921287105859,0.044104249402832425,0.6890173347408758,0.27525513977222305
papule_75.jpg,Papule,31162.5,2192.79,267.54,191.78,48799.5,840.25,0.554657785337322,0.6385823625242062,0.08144193273938351,0.6972506669199469,0.283172609703222
papule_77.jpg,Papule,27302.0,2400.29,312.23,190.45,49716.0,918.73,0.40647003081963695,0.5491592243945611,0.05954933208938661,0.7924268072726207,0.3900329885020658
papule_78.jpg,Papule,58562.5,3242.16,315.3,266.67,82388.0,1075.88,0.6357725949261319,0.7108134679807739,0.0700100818616227,0.5335541017251195,0.15423406279733587
papule_79.jpg,Papule,42799.5,2345.29,277.8,238.01,58169.0,904.79,0.6569812505231417,0.7357785074524231,0.09778122097048526,0.5157029395673663,0.14323254139668828
papule_80.jpg,Papule,46272.5,3225.88,282.49,248.74,75670.0,1042.2,0.5353412275739782,0.6115038985066737,0.05587742858691615,0.4739964689274111,0.11947325569046696
papule_82.jpg,Papule,27362.0,1807.35,237.07,201.76,42852.0,774.72,0.572885944367439,0.638523289461402,0.1052623776851078,0.5250738791846956,0.1489433500653815
papule_83.jpg,Papule,37100.0,1801.67,357.73,182.85,53293.0,942.85,0.5244433257834583,0.6961514645450622,0.14362607077052597,0.8594976562110376,0.48886031364436866
papule_84.jpg,Papule,15820.0,1231.11,213.84,157.46,27617.5,630.88,0.4994854292609754,0.5728252014121481,0.13116640790244732,0.6766063426400836,0.26365506921062476
papule_85.jpg,Papule,16237.0,1164.94,237.17,128.88,24590.0,619.39,0.5318476882315386,0.6603090687271248,0.15035176798338343,0.8394689338314826,0.4565923177467639
papule_86.jpg,Papule,49074.5,2789.91,344.84,239.53,76674.0,1096.47,0.5129467000075152,0.6400409526045335,0.0792292163493613,0.7193845827062861,0.30538800603178284
papule_87.jpg,Papule,35741.0,2611.91,406.35,180.31,60261.0,1085.71,0.38102097817669456,0.5931033338311678,0.0658355013634012,0.8961601420716625,0.556269226036668
papule_88.jpg,Papule,32423.5,2841.17,346.68,172.64,52144.0,940.82,0.46031664097333713,0.6218069193003989,0.0504748825431684,0.8671880281289729,0.5020191531094959
papule_89.jpg,Papule,33353.0,2908.04,277.14,210.48,57603.0,895.79,0.5223148188118488,0.5790149818585838,0.04956145134010899,0.6505402872298979,0.24052825286858626
papule_90.jpg,Papule,52838.0,5097.37,367.35,244.05,97907.0,1264.51,0.4152519668689342,0.5396754062528726,0.025554295782532245,0.7474191334442288,0.3356472029399755
papule_92.jpg,Papule,18761.5,1929.65,230.95,153.5,36570.5,754.39,0.414271995202792,0.5130227915943179,0.06331700066924512,0.7471583891135348,0.33535397272136824
papule_93.jpg,Papule,23527.0,2156.91,230.3,168.1,38130.5,722.69,0.5660728501005556,0.6170126276864977,0.06354953375405116,0.6835352549638243,0.27008250108554066
papule_94.jpg,Papule,16771.5,1800.54,292.83,107.87,32338.0,764.5,0.3606008873293348,0.5186313315603933,0.06500940972514671,0.9296789808626502,0.6316292729570057
papule_96.jpg,Papule,20039.0,1554.85,244.23,188.19,37722.0,775.59,0.4186214787541079,0.5312284608451302,0.104161904829811,0.6373866163732181,0.22945584080579784
papule_97.jpg,Papule,23417.0,1483.42,235.33,195.41,39789.0,757.51,0.5128193208290365,0.5885294930759758,0.13372507800619704,0.5572185596868738,0.16963413079505385
papule_98.jpg,Papule,51685.5,2606.31,424.15,219.81,75744.5,1199.26,0.4515978742487019,0.6823663764365729,0.09561509156567467,0.8552373694528332,0.4817635270541082
papule_99.jpg,Papule,29243.5,2835.29,329.48,182.76,53571.5,997.7,0.36918093841053673,0.5458779388294149,0.04571347555265131,0.832055596885594,0.4453077576787666
papule_100.jpg,Papule,39156.5,3079.68,297.54,209.87,60955.5,931.0,0.5676940828684666,0.6423784564149256,0.051880307820815895,0.7088586700920667,0.2946494588962829
papule_101.jpg,Papule,21556.5,2327.96,264.23,159.18,43198.5,818.26,0.4045809868278551,0.49901038230494116,0.04998469941952701,0.7981719456829531,0.39757029860348936
papule_103.jpg,Papule,14996.0,1071.34,293.41,85.88,20395.5,666.83,0.4237942262899623,0.7352602289720772,0.16418393316230548,0.9562054792921233,0.7073037728775434
papule_104.jpg,Papule,20411.0,1946.73,263.19,146.75,32794.5,795.98,0.40482734045585056,0.6223909497019318,0.06768036676598498,0.8301218833136244,0.44241802500094984
papule_105.jpg,Papule,38468.0,3159.92,344.13,210.34,66547.0,1010.66,0.4732594736898526,0.5780576134160819,0.048412476148781206,0.7914588123680552,0.38877749687618046
papule_106.jpg,Papule,39708.5,3429.45,308.09,249.05,75170.0,1078.59,0.4289242167271177,0.5282493015830784,0.04242720231709534,0.5886779138236219,0.19163231523256186
papule_107.jpg,Papule,15886.0,1977.3,243.06,108.67,28187.5,718.65,0.3865356567035246,0.5635831485587584,0.051059821181943355,0.8944883516973963,0.5529087468114868
papule_108.jpg,Papule,49305.5,3520.87,331.62,238.71,80240.5,1131.4,0.4840306716118645,0.614471495067952,0.049981035692812904,0.6941504720850034,0.2801700741812918
papule_109.jpg,Papule,21408.5,1680.85,218.63,186.17,33656.5,718.17,0.5216048060960602,0.6360881256220938,0.09522219455492628,0.5243059121160013,0.14847001783835712
papule_110.jpg,Papule,28931.5,2094.58,229.78,190.88,41937.0,746.67,0.652113828941973,0.6898800581825119,0.08286801007867393,0.5567089255887195,0.16929236661154146
papule_111.jpg,Papule,19079.5,2300.28,285.42,140.73,36669.5,848.79,0.33279465674870723,0.5203097942431721,0.04531223108328008,0.8699936903652028,0.5069371452596174
papule_112.jpg,Papule,17765.0,1255.37,156.09,154.82,21674.5,537.7,0.7721381360884585,0.8196267503287273,0.14165489415808075,0.1273046083814766,0.008136331603562086
papule_113.jpg,Papule,39858.5,3216.34,351.49,179.71,66651.0,1006.61,0.4943201725647178,0.5980180342380459,0.04841800724723172,0.8594138704390547,0.48871945147799367
papule_114.jpg,Papule,26508.5,3437.17,244.17,222.63,56113.0,888.0,0.4224439415311513,0.47241280986580647,0.028196356472079055,0.410672829020866,0.08821722570340329
papule_115.jpg,Papule,29535.5,2041.9,253.04,183.89,44197.0,788.62,0.5967859877083314,0.6682693395479331,0.08901952099989027,0.6869305728268542,0.2732769522605122
papule_116.jpg,Papule,32910.0,3248.51,255.52,196.28,50697.0,837.41,0.5897411886846616,0.6491508373276526,0.039189464603902366,0.6402590699434135,0.23184095178459618
papule_91.jpg,Papule,48536.0,3797.27,313.87,256.0,78860.5,1044.85,0.5586836371771801,0.6154665516957158,0.04229907687914371,0.5785818838033081,0.18437569694459488
papule_1.jpg,Papule,43673.5,2390.11,350.52,195.42,59882.0,1006.89,0.5413321320731405,0.7293260078153703,0.09607094969597987,0.8301671679536888,0.44248545018829166
papule_2.jpg,Papule,22300.5,1365.24,313.55,102.83,29917.0,773.52,0.4683616960947328,0.7454123073837617,0.15035104682441305,0.9446936673563885,0.6720459256896827
papule_3.jpg,Papule,43222.5,1864.49,348.87,202.92,52269.5,972.89,0.5738419162571826,0.8269162704827864,0.15624266217875082,0.8134396491255875,0.41835067503654666
papule_4.jpg,Papule,50629.0,6009.62,336.54,242.19,84571.0,1083.8,0.541640237891582,0.5986567499497464,0.017616319987867435,0.6943401193168237,0.28035300410055275
papule_5.jpg,Papule,25466.0,2192.75,384.85,118.95,42134.5,911.03,0.38557178136796944,0.6043978212628606,0.06655678868452518,0.9510355676277966,0.6909185396907886
papule_6.jpg,Papule,28641.0,2931.94,335.71,149.18,48967.0,943.54,0.4042754870144741,0.5849041191006188,0.04186854649505819,0.8958425387341982,0.5556283697238688
papule_7.jpg,Papule,19213.0,1633.36,286.93,134.95,31011.0,768.96,0.4083170814903734,0.6195543516816614,0.09049846547884297,0.8824939371824201,0.5296762276513436
papule_8.jpg,Papule,26363.0,2706.11,303.45,146.89,47773.0,896.77,0.4119481446985549,0.5518389048207146,0.045239083855093766,0.8750311754073968,0.515933432196408
papule_9.jpg,Papule,45811.0,4398.42,324.65,262.37,91860.5,1145.55,0.43868373932068605,0.4987018359360117,0.029756801058442476,0.5889593811675635,0.19183736331433843
papule_10.jpg,Papule,25869.5,3008.22,258.66,205.68,53642.5,913.54,0.3895316611121686,0.4822575383324789,0.03592350555780675,0.6063798374406381,0.20482486662027377
papule_11.jpg,Papule,34197.0,3314.78,343.23,193.05,70002.0,1042.02,0.3957726356164683,0.4885146138681752,0.0391100573458054,0.8268307314837023,0.437549165282755
papule_12.jpg,Papule,27879.5,2983.45,276.13,172.66,47285.5,832.37,0.505663965894144,0.5895993486375316,0.03936020185888042,0.7803963281364025,0.3747148082424945
papule_13.jpg,Papule,17885.5,1405.49,227.9,130.43,26220.5,632.54,0.561739497147669,0.6821189527278274,0.11377724922974077,0.8200356678312182,0.4276875822729267
papule_14.jpg,Papule,26081.0,3567.8,299.54,235.15,70663.5,1022.98,0.31318418062423403,0.36908729400609935,0.025747383445529428,0.6194488029035757,0.214962943179542
papule_15.jpg,Papule,37497.5,2955.72,308.31,230.11,74620.5,1018.08,0.4546198203708726,0.5025093640487533,0.053936852225855675,0.6655433633889218,0.25364081606175604
papule_16.jpg,Papule,28182.0,2793.95,281.51,170.95,48498.0,840.81,0.5009402614500899,0.581096127675368,0.04536745477799556,0.7945025287456814,0.3927391566907037
papule_17.jpg,Papule,22610.5,2222.53,237.01,184.76,39959.5,775.64,0.47228008738124805,0.5658354083509554,0.0575207800026948,0.6263460168378931,0.22045483312940384
papule_18.jpg,Papule,18727.0,2233.64,343.28,127.89,47558.0,933.02,0.2703311973232145,0.39377181546742923,0.04716846223502158,0.9280109098606648,0.6274469820554649
papule_19.jpg,Papule,19924.5,2195.53,229.96,154.41,33244.5,733.35,0.46555897471360735,0.5993322203672788,0.05194198521143087,0.7410366303607228,0.3285353974604279
papule_20.jpg,Papule,28425.5,2586.61,295.08,182.65,50315.0,877.25,0.46416375287188205,0.5649508098976448,0.05338952685711324,0.785403057863079,0.38101531787989695
papule_21.jpg,Papule,27474.0,1739.05,328.72,199.44,49052.0,987.41,0.354108796645898,0.5600994862594797,0.11415833355851246,0.794917937332919,0.3932830372353371
papule_22.jpg,Papule,42070.5,3006.56,279.04,267.92,70298.5,1000.67,0.5279657837772957,0.5984551590716729,0.0584854434486754,0.2794883526057528,0.03985091743119262
papule_23.jpg,Papule,43180.0,1954.68,298.73,239.46,62174.0,951.08,0.5998717414119142,0.6945025251712935,0.14201727110499462,0.5978695523772807,0.198406587888729
papule_24.jpg,Papule,22469.0,3283.99,313.47,173.91,54767.0,978.49,0.29490410987793636,0.41026530574981285,0.02618122459485491,0.8319904634639403,0.44521006794908613
papule_25.jpg,Papule,44462.0,3227.75,337.53,247.38,88737.0,1158.45,0.41633629259502547,0.5010536754679559,0.053628923421209826,0.6803227739855693,0.26708737001155447
papule_26.jpg,Papule,35173.5,3399.11,348.18,330.62,76189.0,1193.44,0.3103303634820091,0.46166113218443605,0.03825559942816966,0.31356627847930374,0.05043368372680801
papule_27.jpg,Papule,23836.5,3876.13,374.99,280.23,74455.5,1193.3,0.21035511145866273,0.32014424723492557,0.019936810560557745,0.6644868829510967,0.25270007200192
papule_28.jpg,Papule,26655.0,3956.28,323.68,177.16,52164.5,965.19,0.35955300562025205,0.5109796892522692,0.02140003628536217,0.8369164284074417,0.4526693030153238
papule_29.jpg,Papule,67114.0,3603.15,354.72,254.26,86699.5,1146.78,0.6413022553017484,0.7740990432470776,0.06496183783535182,0.6972883769929663,0.2832092918358142
papule_30.jpg,Papule,19922.5,2953.8,336.59,132.06,42058.0,940.27,0.28317084698900435,0.47369109325217557,0.028694028624078757,0.9198173788703886,0.6076532279628033
papule_31.jpg,Papule,57654.0,3888.81,316.58,257.77,86776.5,1162.63,0.5359894698761173,0.6643964667853623,0.04790775921216646,0.5805376995432489,0.1857666308673953
papule_32.jpg,Papule,37275.0,2139.06,313.24,240.94,65976.5,993.42,0.47463713932430707,0.5649738922191992,0.10237209310840475,0.6390242768159947,0.23081343378878816
papule_33.jpg,Papule,27520.0,2333.31,287.59,172.34,47573.5,855.75,0.47224185696735305,0.5784733097207478,0.06352042700962651,0.8005575458116466,0.40074411488577477
papule_34.jpg,Papule,22276.0,2902.94,354.35,153.96,50281.5,934.43,0.32059262469453875,0.4430257649433688,0.03321780673526527,0.9006787416227628,0.5655143219980245
papule_35.jpg,Papule,21239.0,2555.16,215.61,184.43,38512.0,754.19,0.46922634685110626,0.5514904445367678,0.04087970269521494,0.5179893911801976,0.14461295858262602
papule_36.jpg,Papule,26627.5,2829.71,309.21,195.14,57512.0,941.84,0.37721243006492194,0.46299033245235777,0.041788463035206475,0.7757078788550298,0.3689078619708289
papule_37.jpg,Papule,19834.0,1675.3,210.01,158.36,29845.5,653.34,0.5839043040805385,0.6645557956810909,0.08880450460972569,0.6568063078821027,0.24594066949192883
papule_38.jpg,Papule,28224.0,2201.71,270.62,204.19,48666.0,841.6,0.5007454062633183,0.5799531500431513,0.07316581212914511,0.656269415499911,0.24547335747542687
papule_39.jpg,Papule,19773.5,1791.62,221.04,150.73,29622.5,664.53,0.5626835627594845,0.667516246096717,0.07741080941787179,0.731433500717195,0.3180872240318494
papule_40.jpg,Papule,18144.0,1731.24,242.0,111.12,26103.5,658.81,0.5253183069795266,0.6950792039381692,0.07607261502561866,0.8883465807696099,0.5408264462809917
papule_41.jpg,Papule,29614.0,2857.06,325.34,165.83,56306.5,970.08,0.3954502316577721,0.5259428307566621,0.04558985534653902,0.8603445493227098,0.4902870842810597
papule_42.jpg,Papule,37713.5,2855.53,335.18,181.29,58169.5,967.56,0.5062335117483379,0.6483380465707974,0.0581210228390934,0.8411039124740358,0.4591264395250314
papule_43.jpg,Papule,33126.5,3030.56,339.37,195.39,64977.5,1026.61,0.39497939117185166,0.5098149359393637,0.04532519103511556,0.8176305187127673,0.4242567109644342
papule_44.jpg,Papule,20077.5,1532.06,223.72,142.31,29262.0,648.63,0.5996881064444185,0.6861287676850523,0.10748997226544386,0.7716003351968437,0.363892365456821
papule_45.jpg,Papule,47366.5,4270.9,396.35,279.66,85298.5,1233.91,0.3909436751176925,0.55530284823297,0.032631899395842066,0.7086218142984324,0.29441150498296953
papule_46.jpg,Papule,23401.5,3229.94,283.52,165.33,48436.5,884.41,0.3759640081362976,0.4831377163915642,0.028188025142481428,0.8123763671992991,0.4168665349887133
papule_47.jpg,Papule,39337.5,3998.87,337.08,234.46,80038.5,1116.31,0.3966861060289048,0.49148222417961357,0.030913063666563042,0.718466189144145,0.30443811558087097
papule_48.jpg,Papule,17438.5,1562.71,212.86,130.62,25645.0,615.49,0.5784648669278616,0.6799961006044063,0.08973507025360154,0.7895837833661008,0.3863572301042939
papule_49.jpg,Papule,36992.5,3674.81,309.62,202.72,67761.0,1016.35,0.45002533461234606,0.5459261226959461,0.03442340032301711,0.7558558492921086,0.34526193398359284
papule_50.jpg,Papule,25444.0,3356.45,296.22,208.15,58144.0,942.46,0.3599725604394383,0.43760319207484866,0.028381470077278356,0.7114989179659481,0.2973128080480725
papule_51.jpg,Papule,20250.0,2060.23,254.59,175.69,37987.5,764.74,0.43511822898589697,0.5330700888450148,0.059951972683570304,0.7237236094791624,0.30991005145528105
papule_52.jpg,Papule,42948.5,2647.47,359.46,193.94,55809.0,990.87,0.5496984407000359,0.7695622569836407,0.07700089433220092,0.841965402771652,0.4604684804985255
papule_53.jpg,Papule,22171.0,2028.29,232.14,177.01,37107.0,752.83,0.49158804367303505,0.597488344517207,0.06772282203570054,0.6469717146376823,0.23748599982769014
papule_54.jpg,Papule,26497.0,2813.61,277.56,168.34,48811.0,826.84,0.48703885880562825,0.5428489479830366,0.0420609204114768,0.795083870941564,0.39350050439544604
papule_55.jpg,Papule,19387.0,2504.47,319.97,138.16,37362.0,919.72,0.28801109148729437,0.5188962046999626,0.03884085725849108,0.901973935916449,0.5682095196424666
papule_56.jpg,Papule,21907.5,1710.23,224.08,164.86,32909.0,688.77,0.5803022291505804,0.665699352760643,0.09412254111150536,0.6772864867701802,0.2642806140664048
papule_57.jpg,Papule,30918.5,3227.05,307.26,156.55,51874.5,948.99,0.43142470221304396,0.5960250219279222,0.037309281996669,0.8604686711826994,0.4904966477901451
papule_58.jpg,Papule,22795.0,2518.16,297.85,160.71,45634.5,859.29,0.3879448090754219,0.49951243028848785,0.04517340408405052,0.8419427324024336,0.4604331039113648
papule_59.jpg,Papule,21607.0,1840.69,209.31,172.71,33679.0,683.84,0.5806244701029554,0.6415570533566911,0.08013883600483675,0.5649286693255482,0.17486025512397874
papule_60.jpg,Papule,23131.5,2707.26,257.71,189.05,48627.0,860.8,0.39229172172829796,0.47569251650317723,0.03966009289381724,0.6796068845991319,0.2664234992821387
papule_61.jpg,Papule,80123.0,1756.27,346.46,312.11,91559.0,1127.41,0.792142474527186,0.8750969320328968,0.3264258172827811,0.4341214463841169,0.09914564451884766
papule_62.jpg,Papule,17653.5,2848.43,271.17,167.58,43603.0,852.87,0.304982562776377,0.4048689310368553,0.027341956221807413,0.78618696722423,0.3820112844341188
pustule_120.jpg,Pustule,50758.0,1439.62,327.31,216.71,60741.5,922.87,0.7489163438868293,0.8356395545055687,0.3077645701909993,0.7494207650824015,0.3379059607100302
pustule_121.jpg,Pustule,29727.0,1331.53,230.38,180.63,34408.0,687.18,0.7910791258169382,0.8639560567309927,0.2106973316926613,0.6206945939851963,0.21594756489278588
pustule_123.jpg,Pustule,31316.5,1847.36,316.99,182.77,53349.5,909.14,0.47612561891171584,0.5870064386732772,0.11531346195830046,0.8170409085748191,0.42342029717025775
pustule_130.jpg,Pustule,11274.5,668.0,189.54,89.82,14343.0,475.22,0.6273613146262513,0.7860628878198425,0.317507676618901,0.8805872025724782,0.5261158594491928
pustule_131.jpg,Pustule,42670.5,2175.27,304.79,214.75,62779.5,934.71,0.6137391362843189,0.6796884333261654,0.11332122357232081,0.7096211062834488,0.2954165162899046
pustule_132.jpg,Pustule,24117.0,1939.18,319.79,198.25,59402.0,943.09,0.340742941110598,0.40599643109659606,0.08059292176525344,0.7846507322052916,0.38006191563213365
pustule_134.jpg,Pustule,46581.0,3703.78,344.46,253.22,89571.0,1230.5,0.38659429041026333,0.5200455504571793,0.04267055654388888,0.6779352291273841,0.264878360332114
pustule_135.jpg,Pustule,17369.0,667.9,194.87,125.9,20194.5,536.47,0.7583920952561704,0.8600856668894996,0.48928487658097036,0.7632766907220773,0.35392825986555143
pustule_136.jpg,Pustule,26006.0,2148.46,256.52,185.59,48432.0,818.69,0.48757839214967313,0.5369590353485298,0.07079928591904686,0.6903334503639231,0.2765086542959613
pustule_140.jpg,Pustule,16399.5,843.28,173.74,134.26,20872.5,531.98,0.728198635684151,0.785698886094143,0.2897989919943623,0.6346935912172512,0.22723609991941995
pustule_145.jpg,Pustule,11048.0,659.27,138.1,114.05,14354.0,439.51,0.7187138398346276,0.7696809251776509,0.31942352809530455,0.5638886433324588,0.1741491672700941
pustule_138.jpg,Pustule,35748.5,1073.7,238.48,199.47,37832.0,712.61,0.8846344800218617,0.9449275745400719,0.3896743156908003,0.548085455605338,0.16357765850385775
pustule_144.jpg,Pustule,28458.0,2403.32,346.6,290.73,91784.5,1195.99,0.25001101440552737,0.31005235088713234,0.061914310078771975,0.5444311406037499,0.16119446047316788
pustule_151.jpg,Pustule,52213.5,1251.95,269.17,251.29,54918.0,855.91,0.8956461617536354,0.950753851196329,0.4186187736023325,0.35838578988670133,0.06642642196381476
pustule_157.jpg,Pustule,41489.5,3218.4,287.65,233.01,65286.0,962.27,0.5630593471757963,0.6355037833532458,0.0503347627544157,0.5863650466219309,0.18995306796454026
pustule_122.jpg,Pustule,34435.0,1426.73,305.86,157.59,42508.5,789.3,0.6945855526032954,0.8100732794617547,0.2125819393619932,0.8570485072644437,0.4847642712352057
pustule_124.jpg,Pustule,22035.0,847.86,176.11,163.79,24041.0,560.39,0.8817432936975839,0.9165592113472817,0.3851896643205756,0.36744887251961433,0.06995627732667098
pustule_125.jpg,Pustule,20696.5,824.67,180.44,152.48,22740.5,552.93,0.8506804735439837,0.9101163123062378,0.3824250919913042,0.5346944892011348,0.1549545555309244
pustule_126.jpg,Pustule,19220.0,1541.07,267.62,120.27,30163.0,712.83,0.47532571405941826,0.6372045220966084,0.10169942913377199,0.8933276892685534,0.5505941259995516
pustule_127.jpg,Pustule,39263.5,1331.78,268.69,194.37,47023.5,805.15,0.7611062356176065,0.8349761289567982,0.2781851208688251,0.6904305200997204,0.27660128772935355
pustule_128.jpg,Pustule,38468.0,1211.45,295.61,223.46,51689.0,863.97,0.6476079124395876,0.7442202402832324,0.3293809538301504,0.6546542790239105,0.2440715807990258
pustule_129.jpg,Pustule,27186.5,1126.98,282.22,173.02,37681.5,770.83,0.5749710080405983,0.7214813635338296,0.26898666239289215,0.7900302834558451,0.386932180568351
pustule_133.jpg,Pustule,31895.0,1458.59,245.64,181.1,41330.0,748.51,0.7153807618326263,0.7717154609242681,0.18839354010278664,0.6756115543029437,0.2627422243934212
pustule_137.jpg,Pustule,35203.5,1101.18,252.13,185.98,38104.0,727.48,0.8358985883249445,0.9238793827419693,0.36482036881757113,0.6751993002699509,0.26236465315511837
pustule_139.jpg,Pustule,42534.5,1710.65,302.74,207.95,55157.5,926.63,0.6224987488704927,0.7711462629742102,0.1826538675755209,0.7267585202405632,0.3131069564642929
pustule_141.jpg,Pustule,31582.5,1337.29,235.98,187.24,38376.5,721.09,0.7632686470295936,0.8229645746746056,0.22192446150119835,0.6086262185350177,0.20654292736672597
pustule_142.jpg,Pustule,49809.5,1406.4,267.19,255.44,58127.5,891.79,0.7870400811189725,0.8569007784611414,0.3164494394853593,0.29328908529039033,0.04397619671394892
pustule_143.jpg,Pustule,68559.5,1827.91,333.01,277.93,80032.0,1052.37,0.7779301209681658,0.8566510895641744,0.25785044672154234,0.5508571246877657,0.16540043842527252
pustule_172.jpg,Pustule,59842.5,1949.14,323.07,247.16,72354.0,1010.93,0.7358298863308098,0.8270793598142466,0.19793998100977922,0.643988178193809,0.23496455876435451
pustule_146.jpg,Pustule,32609.0,1216.03,282.56,160.68,39620.0,792.5,0.6524523549660373,0.8230439172135285,0.27711419076707305,0.8225740678310921,0.4313420158550396
pustule_147.jpg,Pustule,28407.0,1732.4,246.04,171.77,37286.0,732.37,0.6655399706589711,0.7618677251515314,0.11894299918646839,0.7159627191287614,0.30186148593724593
pustule_148.jpg,Pustule,38934.5,1066.15,235.74,213.7,42535.5,745.28,0.8808572478388552,0.9153413031467833,0.43043526307147,0.422190422328458,0.09349283108509387
pustule_149.jpg,Pustule,38075.0,1242.99,284.14,185.72,44451.0,802.89,0.7422285890291505,0.8565611572293087,0.30968096143194074,0.7568216398814581,0.3463785457872879
pustule_150.jpg,Pustule,16690.0,1755.18,208.01,180.49,32592.5,684.57,0.44753857483767695,0.5120810002301143,0.06808052209770517,0.49709055610894365,0.13230133166674674
pustule_152.jpg,Pustule,50567.0,3216.03,314.36,227.72,70998.5,994.46,0.6425433221834659,0.7122263146404502,0.06143797180627164,0.6893878640881755,0.2756075836620435
pustule_153.jpg,Pustule,66835.0,1503.47,352.66,248.04,73626.0,987.41,0.8614275833088955,0.9077635617852389,0.3715560036197023,0.7108532783197661,0.2966596722055238
pustule_154.jpg,Pustule,41067.5,1358.75,255.19,224.2,49541.5,825.9,0.7565771098176781,0.828951485118537,0.2795303804782666,0.4776300268158692,0.12143892785767474
pustule_155.jpg,Pustule,53863.5,2575.34,299.52,280.34,78846.5,1056.69,0.6061906578724556,0.6831438301002581,0.10205523507547673,0.3520951557733124,0.06403579059829068
pustule_158.jpg,Pustule,17355.0,1178.82,227.79,122.15,24031.0,639.21,0.5337616422465875,0.7221921684490866,0.15694211137443484,0.8440658614220018,0.4637604811449141
pustule_159.jpg,Pustule,70755.5,2485.95,321.23,304.13,90092.5,1114.98,0.7152138464523772,0.7853650414851403,0.14387498438006172,0.3219192942745854,0.05323288609407595
pustule_160.jpg,Pustule,22376.5,935.38,186.66,158.36,25197.5,581.68,0.8310626384991381,0.888044448854053,0.32138519182918873,0.5293758093862023,0.1516125575913425
pustule_161.jpg,Pustule,21648.5,1092.78,236.0,128.24,26799.0,631.72,0.6816923503768418,0.8078099929101832,0.22780969260120018,0.8394804894099512,0.45661016949152533
pustule_162.jpg,Pustule,28926.5,1100.92,222.51,185.57,33573.0,683.17,0.7788398759066242,0.8616000953146874,0.2999122671915058,0.5517871305050254,0.16601501056132306
pustule_163.jpg,Pustule,17602.5,964.67,175.73,149.37,23152.5,567.67,0.6864237953162016,0.7602850664075154,0.23769862612027487,0.5267872786597111,0.15000284527399976
pustule_164.jpg,Pustule,44602.5,1427.88,272.78,226.18,50983.5,834.3,0.8052385882171074,0.8748418606019595,0.27490690269342377,0.5590019190519947,0.17083363882982616
pustule_165.jpg,Pustule,29210.5,1218.6,315.47,131.88,33915.0,729.56,0.6896469591323587,0.8612855668583222,0.2471875012412499,0.9084272766516458,0.5819570799125116
pustule_166.jpg,Pustule,29357.5,934.67,212.64,180.3,32680.5,660.0,0.8469174134780748,0.8983185691773382,0.4222914872032481,0.5301370591693443,0.15208803611738142
pustule_167.jpg,Pustule,18791.5,2056.13,213.56,199.8,39147.0,737.11,0.434616996443209,0.48002401205711803,0.05585604391458619,0.35314538002914136,0.06443154148716979
pustule_168.jpg,Pustule,32374.5,943.13,220.79,194.93,34572.5,681.52,0.8759024141416948,0.9364234579506834,0.4573722536610413,0.46960781983396,0.11712486978576919
pustule_169.jpg,Pustule,85093.0,2058.32,358.82,332.24,99581.0,1188.48,0.7570419465884684,0.8545103985700083,0.2523933519081053,0.3777102098426941,0.07407613845382077
pustule_170.jpg,Pustule,36770.5,1507.0,267.2,193.82,47485.5,830.79,0.6694634612861332,0.7743521706626233,0.20346180583302867,0.6883547016365605,0.27462574850299404
pustule_171.jpg,Pustule,38289.5,1767.17,283.02,206.66,53166.5,852.2,0.6625314510165821,0.7201809410060847,0.15407525627937166,0.6832380058906059,0.2698042541163168
pustule_173.jpg,Pustule,15899.5,806.91,186.41,117.04,17862.0,499.54,0.8006685908532895,0.8901298846713694,0.3068620172530745,0.778323622522462,0.3721366879459256
pustule_174.jpg,Pustule,17098.0,1015.4,175.83,131.95,19370.5,508.9,0.8296411312873847,0.8826824294674892,0.20839191165943344,0.6609377094328585,0.24955923335039543
pustule_175.jpg,Pustule,29982.0,976.86,217.31,181.93,33997.0,674.19,0.8289070832577706,0.8819013442362561,0.394826060432127,0.5469104553911115,0.16280889052505632
pustule_176.jpg,Pustule,37077.5,1119.53,273.44,183.45,42270.5,754.48,0.8185116099196909,0.8771483658816432,0.37174816709586306,0.7415507985022359,0.32910327677004103
pustule_177.jpg,Pustule,51450.5,1832.05,312.13,234.23,64881.0,930.98,0.745965532311818,0.7929979500932476,0.19263039681612848,0.6609561754616534,0.2495754973889085
pustule_156.jpg,Pustule,18883.5,899.82,168.93,150.07,22652.0,550.34,0.7834841185624626,0.8336349991170757,0.293076551609003,0.459155090616486,0.11164387616172389
pustule_1.jpg,Pustule,66479.0,2417.95,340.01,292.96,84446.0,1141.81,0.6407766203960042,0.7872368140586884,0.14288930046084128,0.5075509991908487,0.13837828299167676
pustule_2.jpg,Pustule,30200.0,2377.25,324.4,255.72,57274.0,1042.91,0.34891781447416137,0.5272898697489262,0.06715325910401748,0.615308928286267,0.21171393341553635
pustule_3.jpg,Pustule,43922.5,3589.64,345.73,214.64,73265.5,1101.28,0.4550943157763946,0.599497717206598,0.042834640229039614,0.7839442047434436,0.3791687154716109
pustule_4.jpg,Pustule,38790.5,2994.68,331.44,194.51,69411.0,1086.3,0.41308144022238585,0.5588523432885277,0.054354361352421346,0.8096859690615479,0.4131366159787594
pustule_5.jpg,Pustule,26393.5,2651.86,424.21,156.74,48970.0,934.61,0.37970472557220375,0.5389728405146008,0.047163460626347575,0.9292359746917562,0.630513189222319
pustule_6.jpg,Pustule,10183.5,1132.2,301.98,49.76,14203.5,731.42,0.23920666084771297,0.7169711690780441,0.09982989875324265,0.9863304923538718,0.8352208755546725
pustule_7.jpg,Pustule,22747.5,1733.88,244.68,146.24,34748.5,732.24,0.5331343179246405,0.6546325740679454,0.09508356652750605,0.8017357983522132,0.4023213993787804
pustule_8.jpg,Pustule,22548.5,928.73,272.9,109.49,25469.0,663.07,0.6444789875999029,0.8853311869331344,0.3285099829179966,0.9159864357245707,0.598790765848296
pustule_9.jpg,Pustule,18058.5,1047.33,214.1,127.28,22894.5,591.23,0.6492001507203149,0.7887702286575379,0.20688283077054268,0.8041040703132113,0.40551144325081734
pustule_10.jpg,Pustule,27187.0,1041.6,251.19,149.9,32227.0,677.46,0.7443956655200684,0.8436093958482018,0.31489749711961557,0.8024202069433022,0.40324057486364895
pustule_11.jpg,Pustule,27022.0,2231.91,301.05,194.03,52516.5,919.35,0.40175898007823496,0.5145430483752725,0.06816697116385403,0.7645951395196604,0.35548912140840394
pustule_12.jpg,Pustule,16223.5,1171.1,257.67,128.23,28326.0,668.18,0.4566331880805854,0.5727423568453012,0.14865052767673145,0.8673767644533674,0.502347964450654
pustule_13.jpg,Pustule,29007.5,2589.15,214.47,197.38,42713.5,757.47,0.6353152655675326,0.67911784330481,0.05437581028938222,0.39117763324426286,0.07968480440154802
pustule_14.jpg,Pustule,42231.5,1323.41,301.85,183.76,47787.5,822.58,0.7843142023176777,0.8837352864242741,0.30301040878154273,0.7933397076779366,0.39122080503561374
pustule_15.jpg,Pustule,37741.0,1709.82,292.48,242.96,58719.5,935.91,0.5414459280498659,0.6427336745033592,0.16222675520361343,0.5567363142305946,0.16931072210065645
pustule_16.jpg,Pustule,27401.0,1682.18,250.88,172.26,43298.0,793.83,0.546413299918084,0.6328467827613284,0.12168340289340211,0.7270135739880796,0.31337691326530615
pustule_17.jpg,Pustule,37868.5,2149.73,303.43,232.01,60737.0,948.94,0.528457979173996,0.6234832145150403,0.10297223339451715,0.6444760931598885,0.23537553966318425
pustule_18.jpg,Pustule,39483.0,2077.69,340.32,239.41,63313.5,1061.66,0.4401990472296529,0.6236110782060698,0.11493664312571715,0.7107101502129325,0.2965150446638458
pustule_19.jpg,Pustule,21708.5,1119.67,196.35,156.21,27357.5,615.33,0.7204826072601579,0.7935118340491638,0.21760035312991968,0.6058628133974299,0.20443086325439264
pustule_20.jpg,Pustule,50113.0,2425.34,330.13,234.08,72566.0,1025.3,0.5990434883408806,0.690585122509164,0.10705698480240697,0.7051541762501996,0.2909459909732529
pustule_21.jpg,Pustule,22769.0,1387.44,581.12,115.56,32175.5,889.89,0.36131098704424225,0.7076502307656447,0.14863647558811813,0.9800284398297163,0.8011426211453745
pustule_22.jpg,Pustule,19221.5,1239.07,209.75,134.09,24857.5,601.01,0.6687037269504695,0.7732676254651514,0.157327794951464,0.7689700020325466,0.360715137067938
pustule_23.jpg,Pustule,22268.5,1824.07,303.48,132.22,34990.5,863.24,0.37552401526861223,0.6364155985195982,0.08410422761035365,0.9001018916610989,0.5643205483063134
pustule_24.jpg,Pustule,43054.0,2450.8,298.8,250.45,61253.5,953.38,0.5952388875871334,0.7028822842776331,0.09007569613549739,0.5453843591852622,0.16181392235609116
pustule_25.jpg,Pustule,18560.5,874.31,195.04,143.15,21915.0,561.33,0.7402237725586059,0.8469313255760894,0.30511857266593323,0.6792013304210728,0.26604799015586544
pustule_26.jpg,Pustule,22932.0,1690.08,336.15,131.67,37924.0,883.79,0.36893820513901454,0.6046830503111487,0.10088747953794953,0.9200929328753468,0.6082998661311915
pustule_27.jpg,Pustule,38059.0,1980.23,305.07,183.27,53071.0,879.98,0.6176204018633692,0.7171336511465772,0.1219652093784395,0.7994389270553864,0.39925263054380955
pustule_28.jpg,Pustule,58140.0,2355.62,340.66,247.55,76439.0,1042.72,0.6719693805962605,0.7606064966836301,0.1316662375592285,0.6869786227992296,0.2733223742147596
pustule_29.jpg,Pustule,13740.5,1876.63,225.39,123.76,26971.5,684.08,0.3689764207056681,0.5094451550710936,0.049029232065375544,0.8357614639390287,0.4509073162074626
pustule_30.jpg,Pustule,24169.5,962.65,269.37,120.66,29671.0,703.35,0.6139521811344503,0.8145832631188703,0.327748490268549,0.8940665916937882,0.5520659316182204
pustule_31.jpg,Pustule,54178.5,3352.08,321.88,259.11,83971.5,1140.16,0.5237273324036456,0.6452010503563709,0.06059099595184572,0.5932891421779012,0.19501056294271146
pustule_32.jpg,Pustule,22752.0,1801.78,310.59,168.79,49253.5,905.02,0.34907045295061184,0.46193671515729845,0.08806957880163134,0.8394418214967764,0.45655043626646064
pustule_33.jpg,Pustule,17288.0,712.41,206.73,112.24,19133.0,538.24,0.7498988340127041,0.903569748601892,0.4280501011054278,0.839777702203332,0.4570696077008659
pustule_34.jpg,Pustule,36861.5,3545.7,269.38,216.82,60176.0,912.39,0.5564444750118445,0.6125614863068333,0.03684502819658569,0.5934304226080985,0.19511470784765017
pustule_35.jpg,Pustule,36070.5,1512.69,313.93,198.39,52549.0,903.64,0.5550998789959314,0.6864164874688387,0.19808981877013293,0.7750041296683682,0.3680438314273883
pustule_36.jpg,Pustule,28901.5,2731.06,283.28,199.21,56258.0,917.83,0.43112752380856284,0.513731380425895,0.04869313813321416,0.7109658952405649,0.2967735103078225
pustule_37.jpg,Pustule,42932.5,1624.23,304.48,207.94,58665.0,908.43,0.6537521147931378,0.7318247677490838,0.2045036138961638,0.7304792979184298,0.3170651602732528
pustule_38.jpg,Pustule,38073.5,1208.04,275.28,189.18,43843.5,772.24,0.8022839053569927,0.8683955432390206,0.3278461114733437,0.7264422167944617,0.3127724498692239
pustule_39.jpg,Pustule,28206.0,1041.22,226.51,177.29,33053.0,675.74,0.7762330155300982,0.8533567301001422,0.32693872339915053,0.6223956976623611,0.21729724956955543
pustule_40.jpg,Pustule,41887.5,2776.57,337.86,259.77,82581.0,1075.84,0.45477745819664017,0.5072292658117484,0.06827741197405937,0.6394066206248527,0.23113123779080103
pustule_41.jpg,Pustule,59810.5,2336.06,313.15,264.31,76420.0,1023.35,0.7176933286321382,0.7826550641193405,0.13772707075264737,0.5362858829501373,0.15596359572090046
pustule_42.jpg,Pustule,36393.0,1069.0,236.96,200.88,40442.0,730.49,0.8570362099631671,0.8998813115078383,0.40019560150230304,0.5304151752825289,0.1522619851451722
pustule_43.jpg,Pustule,16976.5,1253.28,272.96,146.6,29057.5,784.62,0.34652875126605076,0.5842381484986664,0.1358193986981916,0.8435344764106939,0.4629249706916764
pustule_44.jpg,Pustule,30137.5,2001.11,325.03,152.55,46845.5,888.85,0.47935817019753035,0.6433382075119275,0.0945747415031092,0.8830168469652817,0.5306587084269143
pustule_45.jpg,Pustule,34745.5,2336.22,281.8,189.02,55453.0,958.89,0.47486575411707393,0.6265756586658973,0.07999833620054642,0.7416750111539838,0.3292405961674947
pustule_46.jpg,Pustule,23235.5,1475.46,240.14,153.03,32202.0,688.17,0.6165529984834617,0.7215545618284579,0.13412415721823648,0.7706544434716129,0.3627467310735404
pustule_47.jpg,Pustule,10948.5,778.22,144.98,115.0,14177.0,442.69,0.7020451820619444,0.772271989842703,0.2271745681001154,0.608944466742169,0.2067871430542143
pustule_48.jpg,Pustule,58837.0,3186.75,347.73,262.33,92096.0,1156.63,0.5526771119728044,0.6388659659485754,0.0728055346930997,0.6564067675764543,0.2455928450234378
pustule_49.jpg,Pustule,43384.5,1301.15,292.3,200.81,50680.5,831.89,0.7877939715972281,0.8560393050581585,0.3220251035389849,0.7266577392864434,0.3130003421142662
pustule_50.jpg,Pustule,10779.0,909.15,155.3,116.91,15360.0,470.57,0.6117019475180381,0.7017578125,0.16387671504579976,0.6582481362172266,0.24719896973599498
pustule_51.jpg,Pustule,17340.0,1756.47,237.13,116.84,28146.5,677.84,0.4742469760448224,0.6160623878634999,0.07062809362199304,0.8701847921961487,0.507274490785645
pustule_52.jpg,Pustule,21421.0,1134.62,233.64,135.37,29729.0,665.89,0.6070781742973604,0.7205422314911366,0.2090974497441561,0.8150464275760785,0.42060434857045026
pustule_53.jpg,Pustule,44761.5,1613.03,305.75,204.74,56911.5,890.76,0.7089132318725895,0.7865106349331857,0.2161870156346304,0.7426930149744665,0.3303679476696647
pustule_54.jpg,Pustule,31522.5,1158.3,234.11,191.25,38230.0,732.43,0.7384111882776132,0.82454878367774,0.2952489791880983,0.5767458019540004,0.1830763316389732
pustule_55.jpg,Pustule,40766.5,1822.31,294.28,195.15,53218.5,872.18,0.6734433108883878,0.7660212144273139,0.15426548682369298,0.7484918896130167,0.3368560554573874
pustule_56.jpg,Pustule,24945.5,1146.09,285.19,149.92,34282.5,776.81,0.5194843420706174,0.7276453000802159,0.23865175414262296,0.8506795333241719,0.47431536870156743
pustule_57.jpg,Pustule,13578.5,738.68,300.17,62.67,16319.0,622.62,0.44016502029236443,0.8320669158649427,0.3127151915821789,0.9779622721577597,0.7912183096245461
pustule_58.jpg,Pustule,27777.0,2168.3,299.9,196.52,49450.0,1004.47,0.3459563145841464,0.5617189079878665,0.07424316253168974,0.7553816546814766,0.3447149049683227
pustule_59.jpg,Pustule,28501.5,3333.36,279.8,161.0,49447.5,858.54,0.4859107563400635,0.5763992112846958,0.03223392134105978,0.8178643970918186,0.4245889921372409
pustule_60.jpg,Pustule,40310.0,3462.54,307.23,250.91,75021.5,1057.68,0.45280798599987193,0.5373126370440474,0.0422506178139547,0.5770843226678367,0.18331543143573226
pustule_61.jpg,Pustule,47679.0,3464.87,324.97,244.38,80596.0,1101.81,0.4935413932258244,0.5915802273065661,0.04990718940095916,0.6591541185124877,0.24799212234975543
pustule_62.jpg,Pustule,40214.5,2883.2,308.83,182.46,68173.5,1015.74,0.4898097509218787,0.5898846325918429,0.060791519492513185,0.8068103734968665,0.4091895217433539
pustule_63.jpg,Pustule,44909.5,2011.87,284.74,226.13,58477.5,899.35,0.6977351561050652,0.7679791372750203,0.1394274403360721,0.6077046788538827,0.20583690384210163
pustule_64.jpg,Pustule,30363.0,1009.86,300.84,134.16,36241.0,787.23,0.6156746492931702,0.8378080075053117,0.3741383295267782,0.8950572080539206,0.5540486637415237
pustule_65.jpg,Pustule,57288.5,2804.24,320.02,264.48,81661.0,1115.44,0.5786086027557891,0.7015405150561468,0.09154759833669708,0.5630125485074133,0.17355165302168607
pustule_66.jpg,Pustule,23078.0,2370.4,346.97,204.0,53163.0,984.61,0.2991434847357875,0.4340989033726464,0.051613671822218404,0.8088993914693156,0.41205291523762866
pustule_67.jpg,Pustule,19752.5,2968.15,219.72,172.04,40349.0,751.42,0.43960885736292715,0.48954125257131526,0.028174761258315674,0.6220260578948561,0.21700345894775175
pustule_68.jpg,Pustule,19552.0,1933.38,181.86,157.06,28262.0,618.16,0.6429826498014527,0.6918123275068997,0.06573045055670433,0.5041238595401926,0.13636863521390086
pustule_69.jpg,Pustule,25289.0,2402.54,263.15,169.07,46017.5,828.23,0.4632757903862947,0.5495518009452925,0.05505544362883788,0.7662980307790351,0.3575147254417632
pustule_70.jpg,Pustule,13052.5,1738.08,238.95,139.42,28227.5,637.58,0.4034913187163573,0.46240368435036755,0.054295525588806896,0.8121351632489797,0.4165306549487341
pustule_71.jpg,Pustule,26556.5,1761.92,313.41,188.24,47566.0,895.7,0.4159638147848502,0.5583084556195602,0.10749996679904993,0.7995353774955255,0.3993810025206599
pustule_72.jpg,Pustule,30487.0,2052.32,282.26,221.23,54989.0,878.32,0.49661405956581933,0.5544199749040717,0.09095663814703255,0.6210374249692706,0.21621908878339124
pustule_73.jpg,Pustule,29511.5,2985.63,312.42,197.22,59489.0,973.43,0.3913737514039966,0.49608330951940693,0.04160343371785803,0.7755667200269132,0.3687343960053774
pustule_74.jpg,Pustule,26643.5,1666.14,246.06,182.19,40564.5,777.97,0.5531914240942813,0.6568181538044349,0.12060856693773987,0.6721344014875422,0.25957083638137046
pustule_75.jpg,Pustule,25804.5,1665.88,265.41,155.31,38297.5,763.42,0.5563886290255271,0.6737907174097526,0.1168470854035231,0.8109105607220007,0.414829885837007
pustule_76.jpg,Pustule,52064.5,2640.17,349.64,210.47,69861.5,1067.55,0.57408356805134,0.7452531079349857,0.09386156307387637,0.7985247202148399,0.398037981924265
pustule_77.jpg,Pustule,32800.5,2401.73,303.4,169.06,51146.0,911.75,0.49583683193608713,0.6413111484769093,0.07145653652685778,0.8303661147315072,0.44278180619644025
pustule_78.jpg,Pustule,28609.5,999.64,220.91,169.9,31580.5,650.25,0.8502750001757731,0.9059229587878596,0.35977657259673457,0.639138707450697,0.23090851477977448
pustule_79.jpg,Pustule,46160.0,2361.23,295.52,259.09,71708.0,1042.04,0.5342036901983107,0.6437217604730295,0.10403969715802588,0.4809905628494497,0.12327422847861402
pustule_80.jpg,Pustule,28369.5,1098.98,251.66,160.56,34399.0,687.47,0.7543172571018206,0.8247187418238903,0.2951766284268497,0.770033333876064,0.3619963442740205
pustule_81.jpg,Pustule,43913.0,2334.57,270.83,253.62,64662.0,959.55,0.5993323943275212,0.6791160186817605,0.10124863362180721,0.3507887931826048,0.06354539748181509
pustule_82.jpg,Pustule,43134.5,3080.31,285.11,257.16,67751.0,989.65,0.5534410571586136,0.636662189487978,0.05712757389104545,0.431803586622533,0.09803233839570691
pustule_83.jpg,Pustule,21946.0,733.44,193.34,147.39,23508.0,562.0,0.8731575382237002,0.9335545346265102,0.5126678175083267,0.6471817026206864,0.23766421847522512
pustule_84.jpg,Pustule,19985.5,1337.49,234.6,161.36,31714.0,681.62,0.5405554272540782,0.6301791007126191,0.14039246349417944,0.7258916786211282,0.31219096334185836
pustule_85.jpg,Pustule,45013.0,2489.45,298.08,252.27,71514.0,1068.68,0.49528190217681206,0.6294292026736024,0.09127272283382408,0.5326804938899068,0.15368357487922701
pustule_86.jpg,Pustule,36874.0,3393.86,317.82,213.6,69200.5,1036.34,0.4314451518297465,0.5328574215504224,0.040229280825181464,0.7404798733021777,0.3279214649801775
pustule_87.jpg,Pustule,44682.5,1927.3,345.57,195.92,62213.5,960.96,0.608046379680483,0.718212285114967,0.1511641078476592,0.8237540217493912,0.43305263767109414
pustule_88.jpg,Pustule,24778.0,2144.13,250.31,166.31,41850.0,780.75,0.5108014563655895,0.5920669056152927,0.06772887874174363,0.7473628396973822,0.3355838759937677
pustule_89.jpg,Pustule,32626.0,2977.41,260.41,232.33,64375.0,936.86,0.46711552564831693,0.5068116504854369,0.04624836783598368,0.45169970170897383,0.10782996044698745
pustule_90.jpg,Pustule,38401.5,2281.9,300.87,237.41,66010.0,945.13,0.5402253449234431,0.5817527647326163,0.09267547827121718,0.6142925802580265,0.21092166051783168
pustule_91.jpg,Pustule,31123.0,2024.78,336.93,158.97,54712.5,953.94,0.42978296463008303,0.5688462417180717,0.09539720089485708,0.8816953913331391,0.528180927789155
pustule_92.jpg,Pustule,41535.5,2680.35,318.83,218.12,66159.0,1017.47,0.5041805421546054,0.6278132982662978,0.07265178533687622,0.729363527421886,0.3158736630806386
pustule_93.jpg,Pustule,41408.0,2940.64,286.17,233.57,66233.0,951.05,0.5752907867277235,0.6251868403967811,0.06017421007042102,0.5777791153708998,0.18380682810916593
pustule_94.jpg,Pustule,18943.5,1231.61,260.69,125.24,27640.0,692.69,0.49612630048504397,0.6853654124457308,0.1569363954329636,0.8770400025245128,0.5195826460547011
pustule_95.jpg,Pustule,42165.0,2896.84,334.63,248.48,81715.5,1077.31,0.45654184163983047,0.5159975769590837,0.06314121744171049,0.669789002094719,0.2574485252368287
pustule_96.jpg,Pustule,35830.5,1559.92,377.24,144.88,53219.0,953.69,0.4950490996367836,0.6732651872451568,0.1850367875968709,0.9233112184866149,0.6159474074859506
pustule_97.jpg,Pustule,47318.5,3633.54,351.32,336.52,120722.5,1380.97,0.31179729616896396,0.39196090206879414,0.04503819137894649,0.2871915764091536,0.04212683593305255
pustule_98.jpg,Pustule,12304.0,730.72,270.65,64.72,15750.5,598.31,0.43192034693040915,0.7811815497920701,0.28957042127776633,0.9709880470942786,0.7608719748753002
pustule_99.jpg,Pustule,38897.0,1393.59,272.12,200.84,46859.0,816.62,0.732969573151443,0.8300860026889179,0.2516841858826287,0.6747386523849568,0.26194326032632664
pustule_100.jpg,Pustule,13990.5,1919.11,1248.12,326.32,47134.0,888.56,0.22267403665454177,0.29682394874188484,0.04773570741710256,0.9652172323144615,0.7385507803736819
pustule_101.jpg,Pustule,47008.5,3365.18,321.87,285.74,78532.5,1140.08,0.45448086550212224,0.5985865724381625,0.05216385261654119,0.4603264577977462,0.11225028738310494
pustule_102.jpg,Pustule,32492.5,2108.48,292.19,173.64,47281.5,861.13,0.5506245271277463,0.6872138151285386,0.09184468307635375,0.8042649783891878,0.40572914884150724
pustule_103.jpg,Pustule,39794.0,2671.02,311.31,209.7,63179.0,947.31,0.55724119637614,0.6298611880529923,0.0700927629847344,0.7390914592820761,0.32639491182422664
pustule_104.jpg,Pustule,24375.0,1729.59,315.34,134.82,37903.0,841.96,0.4320873675373394,0.6430889375511173,0.10239250242800278,0.9039971269321389,0.5724614701591932
pustule_105.jpg,Pustule,31328.0,1600.34,365.76,143.69,43121.0,879.88,0.5085054850756885,0.7265137635954639,0.15371562431166677,0.9196011820912882,0.607146762904637
pustule_106.jpg,Pustule,32364.0,2944.51,369.83,215.66,76054.0,1118.68,0.3249827497669707,0.42553974807373707,0.04690789986081232,0.8123768511976482,0.4168672092583079
pustule_107.jpg,Pustule,35494.5,1991.26,326.27,179.04,52116.0,914.14,0.5337593567782245,0.6810672346304398,0.1124902772504361,0.8359878384277553,0.45125203052686425
pustule_108.jpg,Pustule,36009.5,2474.95,302.91,186.21,54152.5,894.39,0.565682945420239,0.664964683070957,0.07387442201775819,0.7887321209437554,0.3852629493909082
pustule_109.jpg,Pustule,21202.5,1195.75,267.22,115.63,27899.5,669.8,0.5938908709038044,0.7599598559113963,0.18634431886046368,0.9015309534829974,0.5672853828306266
pustule_110.jpg,Pustule,13035.5,1060.27,171.71,119.16,18386.5,513.47,0.6213086626202428,0.7089712560846273,0.14571511764640988,0.7200128336017086,0.3060392522275931
pustule_111.jpg,Pustule,28671.5,1226.47,285.04,140.43,36945.0,782.48,0.5884557172136746,0.7760590066314792,0.23952255693228763,0.8702175254225595,0.5073323042380017
pustule_112.jpg,Pustule,27758.0,3187.56,302.56,214.18,64704.5,978.54,0.36428464801435245,0.428996437651168,0.03433059249833497,0.7063200386064228,0.29210735060814386
pustule_113.jpg,Pustule,37971.0,2175.32,323.88,200.01,60790.0,938.11,0.5421935763281659,0.6246257608159237,0.10083599620885259,0.7865367015094061,0.38245646535753985
pustule_114.jpg,Pustule,15303.0,1268.74,182.73,135.69,23920.5,576.96,0.5776902425707314,0.6397441525051734,0.1194651348914358,0.6697673480021252,0.25742899359711047
pustule_115.jpg,Pustule,24937.0,1848.61,262.27,137.75,34913.5,736.17,0.5782262965779313,0.7142509344522893,0.09169876218349335,0.8509651851518125,0.4747779006367484
pustule_116.jpg,Pustule,12832.0,1778.13,190.35,145.67,26378.5,622.96,0.415512306970148,0.4864567735087287,0.051000824411990116,0.6437040844157449,0.2347255056474915
pustule_117.jpg,Pustule,13634.0,1712.67,183.34,141.15,24618.5,593.85,0.4858247457595328,0.5538111582752808,0.058409807203924774,0.6381873543114038,0.2301189047670994
pustule_118.jpg,Pustule,52403.0,3365.81,307.89,244.49,77314.5,1080.49,0.5640589710722924,0.6777900652529603,0.05812819289102262,0.6078102479050446,0.20591769787911263
pustule_119.jpg,Pustule,29484.0,2219.83,318.69,179.29,52980.0,942.15,0.4174035723250509,0.5565118912797282,0.07518943714145473,0.8267399059494523,0.43741567040070295
nodule_99.jpg,Nodule,31272.5,2464.64,321.55,319.25,63933.5,1036.39,0.36586935726826203,0.4891410606333143,0.0646942198411926,0.11939239264596946,0.007152853366506062
nodule_110.jpg,Nodule,29046.5,3609.06,265.48,192.86,54195.5,879.5,0.47188045051177874,0.5359577824727145,0.028023054316176667,0.6872111440128924,0.2735422630706644
nodule_120.jpg,Nodule,57455.5,2199.76,380.28,222.92,78944.5,1097.43,0.5994981070292642,0.7277961099253273,0.14920757467723475,0.8101666367400681,0.41380035763121914
nodule_121.jpg,Nodule,23377.0,2130.55,309.86,188.07,46937.0,932.87,0.33756420411018684,0.4980505784349234,0.06471652349854942,0.794738853010455,0.39304847350416316
nodule_122.jpg,Nodule,21644.0,1888.15,289.09,134.28,38405.5,796.77,0.4284315469190338,0.5635651143716395,0.07629119251416115,0.8855773016106265,0.5355079732955135
nodule_123.jpg,Nodule,57879.0,3218.01,403.23,251.93,89949.5,1202.89,0.5026654713658455,0.6434610531464877,0.07023540715377286,0.780800918093548,0.37522009771098386
nodule_69.jpg,Nodule,19988.5,3084.28,262.63,168.88,40102.5,821.66,0.37205382874807275,0.4984352596471542,0.02640477512193781,0.765837691643232,0.35696607394433233
nodule_70.jpg,Nodule,39877.0,3500.0,371.78,220.28,81778.5,1199.85,0.34807948734198296,0.4876220522508972,0.040906870284800056,0.8055697576374176,0.4074990585830329
nodule_71.jpg,Nodule,27598.5,2479.9,382.7,118.11,46940.0,981.28,0.360171585611499,0.5879527055815935,0.05639323456698824,0.9511844613509312,0.691377057747583
nodule_72.jpg,Nodule,41137.0,3265.19,340.16,206.6,67046.5,1024.15,0.4928506595145707,0.6135592461948051,0.04848702802772338,0.7944257813020227,0.3926387582314206
nodule_73.jpg,Nodule,23768.5,2979.05,245.9,198.14,49359.0,850.92,0.41250971019022814,0.48154338621122794,0.03365550054247311,0.5922221918475693,0.19422529483529893
nodule_74.jpg,Nodule,45665.5,2697.75,314.65,253.49,72754.5,1013.18,0.5590168061294144,0.6276656426750236,0.07884872567012856,0.59242542087828,0.1943747020498966
nodule_75.jpg,Nodule,42533.0,4135.47,314.37,222.11,71221.5,996.45,0.5383005916077479,0.5971932632702204,0.031252598366920965,0.7076889232860529,0.29347584057002896
nodule_76.jpg,Nodule,36614.5,2172.7,393.48,154.68,47974.5,911.33,0.554002389446604,0.7632075373375439,0.09746831163111741,0.9194924533453397,0.6068923452272035
nodule_77.jpg,Nodule,54465.5,5016.13,344.14,277.61,90089.5,1244.79,0.4417119791040498,0.6045710099401151,0.02720155880177635,0.5909918669915436,0.19332248503516003
nodule_78.jpg,Nodule,39899.5,1932.62,309.17,197.9,54614.0,893.58,0.6279288508160084,0.7305727469147105,0.13424075257495793,0.7682908421704345,0.35989908464598763
nodule_79.jpg,Nodule,57217.0,3467.97,331.94,306.57,96162.5,1161.11,0.5333204247769084,0.5950032497075263,0.059783905579888795,0.38342859274238444,0.07642947520636256
nodule_80.jpg,Nodule,18541.0,3000.47,331.54,192.17,55323.5,1000.79,0.23262538427218107,0.3351378708866937,0.025880010023963517,0.8148809219697946,0.42037159920371603
nodule_81.jpg,Nodule,69230.5,3552.98,343.62,303.08,91972.5,1127.29,0.6845986262061903,0.7527304357280709,0.06891627678865257,0.4712104022078125,0.11797916302892741
nodule_82.jpg,Nodule,45183.0,3920.47,307.09,221.18,71787.5,1002.5,0.5649580024687314,0.6293992686749086,0.03694100082703015,0.6937199101713801,0.2797551206486697
nodule_83.jpg,Nodule,47287.5,3386.38,275.1,262.88,71250.0,982.98,0.6149883021751832,0.6636842105263158,0.051818500005472654,0.2947325338920903,0.044420210832424645
nodule_84.jpg,Nodule,19904.0,2929.84,276.48,141.73,38406.5,774.32,0.4171663536269816,0.5182456094671475,0.02913817981801359,0.8586138165536357,0.487377025462963
nodule_85.jpg,Nodule,44082.5,4287.02,305.44,260.02,85047.0,1082.51,0.4727290010420603,0.5183310404834973,0.030141513859507058,0.5246849393564414,0.1487035096909377
nodule_86.jpg,Nodule,42756.0,1925.98,474.45,196.47,61840.5,1073.89,0.46589423433162747,0.6913915637810173,0.14484495944582967,0.910231149143814,0.5858994625355676
nodule_87.jpg,Nodule,46514.0,2876.07,312.68,240.77,74618.5,1059.92,0.5202922757176874,0.6233574783733257,0.0706634193018071,0.6380191835181555,0.2299795317896891
nodule_88.jpg,Nodule,42096.5,3448.76,342.42,277.47,78254.5,1156.57,0.39546860051597704,0.5379435048463667,0.044476428691812744,0.5859867147445189,0.18967934115997898
nodule_89.jpg,Nodule,53443.0,2262.91,314.48,240.55,73436.0,998.19,0.6740222972949568,0.7277493327523286,0.13114934618552188,0.644133002771087,0.23508649198677178
nodule_90.jpg,Nodule,48776.0,2211.86,288.04,278.91,75557.0,1015.15,0.5947789749866026,0.6455523644400916,0.12528549017760754,0.24977845003970314,0.031696986529648696
nodule_91.jpg,Nodule,26607.5,2633.54,280.89,217.2,58560.0,938.09,0.3799486642081012,0.45436304644808745,0.04820966311011752,0.6340934362383608,0.22674356509665705
nodule_92.jpg,Nodule,36459.5,2124.05,294.51,220.73,58930.0,960.05,0.49708753013087764,0.6186916680807738,0.10155261263646005,0.6620245053903173,0.2505178092424706
nodule_93.jpg,Nodule,35614.5,3625.5,343.92,208.48,79745.5,1090.48,0.3763581334747183,0.44660200262083755,0.034048728359009656,0.795321779199827,0.3938125145382648
nodule_94.jpg,Nodule,36727.5,2187.26,325.56,303.01,77231.5,1106.02,0.3772899794310096,0.4755507791509941,0.09647180624011024,0.3656950299524125,0.06926526600319449
nodule_95.jpg,Nodule,49684.0,2129.35,294.27,238.32,65440.5,980.93,0.6488590754715091,0.7592240279337719,0.13769948407441013,0.5866114829639117,0.19013151187684774
nodule_96.jpg,Nodule,14396.5,1210.83,309.81,64.08,21021.0,761.65,0.31185728436457555,0.6848627562913278,0.12339581770562089,0.978375533074339,0.7931635518543624
nodule_97.jpg,Nodule,22008.0,2256.26,273.27,161.34,41294.5,828.3,0.4031021538594621,0.5329523302134667,0.05432655339151289,0.8071070716704021,0.40959490613678773
nodule_98.jpg,Nodule,27639.5,2819.63,320.09,149.93,47171.0,892.75,0.43579307889060936,0.585942634245617,0.0436873599664955,0.8835167777475165,0.5316004873629292
nodule_100.jpg,Nodule,46193.0,4342.46,347.44,280.82,93925.0,1142.22,0.44492469543230545,0.4918072930529678,0.030783243594968132,0.5888330835331866,0.1917453373244301
nodule_101.jpg,Nodule,7442.5,1204.67,180.64,100.51,15018.5,548.28,0.31111711228078825,0.495555481572727,0.06444548804317779,0.8309075223162807,0.44358945969884844
nodule_102.jpg,Nodule,23463.0,2984.99,365.88,295.7,78844.0,1184.29,0.2102215724631012,0.2975876414184973,0.03309082871014753,0.588923921647557,0.1918115229036843
nodule_103.jpg,Nodule,38673.0,3118.14,292.79,227.41,65502.5,979.23,0.5068136541505004,0.5904049463760925,0.04998348189210335,0.6298706794743156,0.22329997609207974
nodule_104.jpg,Nodule,6412.0,931.78,270.73,194.63,12509.0,495.67,0.3279579091025727,0.5125909345271404,0.09280611843617399,0.6951050929057278,0.2810918627414768
nodule_105.jpg,Nodule,42040.0,2958.19,396.61,215.68,68276.5,1178.64,0.3802858969158328,0.6157316206894027,0.060369898007323404,0.8392091583398874,0.45619122059453876
nodule_106.jpg,Nodule,59580.5,4605.53,328.84,291.27,92112.5,1168.17,0.548658244812013,0.6468231781788574,0.03529838017687682,0.4641627937626435,0.11425009122977736
nodule_107.jpg,Nodule,29489.5,3244.2,265.19,190.9,53148.5,884.92,0.4732267127658355,0.5548510306029333,0.03520967636236622,0.6941180067414942,0.28013876843018215
nodule_108.jpg,Nodule,46296.5,2746.76,286.56,241.7,67838.0,957.74,0.6342533526291056,0.6824567351631828,0.07711104614997075,0.5372023819181235,0.15654662199888336
nodule_109.jpg,Nodule,33872.0,5310.96,349.93,208.17,69128.5,1036.6,0.39612139123995954,0.4899860404898124,0.01509053523421029,0.8038068201206774,0.40510959334724095
nodule_111.jpg,Nodule,10443.0,1330.14,151.39,114.78,15652.0,486.49,0.554481814239797,0.6671990799897777,0.07417207597427063,0.6520519946347888,0.24182574806790402
nodule_112.jpg,Nodule,16023.0,2074.86,271.48,184.66,34968.0,790.07,0.3225689451177042,0.45821894303363075,0.046770940189500176,0.733028954192535,0.319802563724768
nodule_113.jpg,Nodule,11562.5,2129.45,190.65,136.06,24854.0,628.21,0.3681729854290805,0.4652168665003621,0.03204252378692439,0.7004884057200338,0.2863362182008917
nodule_114.jpg,Nodule,11357.5,1843.34,241.77,123.0,26498.5,694.52,0.2958851003977901,0.42860916655659753,0.04200313585155463,0.8609154947855067,0.49125201637920335
nodule_115.jpg,Nodule,58948.0,1497.21,308.69,265.08,68234.5,966.31,0.7933155937080536,0.8639031574936432,0.3304558926645032,0.5124357269985831,0.14127441770060578
nodule_116.jpg,Nodule,42217.5,2981.91,304.46,264.19,75762.0,1062.95,0.4695444413182657,0.5572384572740952,0.05966413012469122,0.497030561470253,0.13226696446166974
nodule_118.jpg,Nodule,38737.0,1716.87,362.75,169.95,52302.5,930.38,0.5623608979082854,0.7406338129152527,0.16514332470306123,0.8834611211195986,0.5314955203308064
nodule_119.jpg,Nodule,41436.0,2432.65,379.56,181.42,62050.5,1021.62,0.49889472912001515,0.6677786641525854,0.08798900987579374,0.8783737134172489,0.5220255032142481
nodule_117.jpg,Nodule,56976.0,5271.83,352.71,316.93,104513.0,1231.97,0.471738754050445,0.5451570618009243,0.025761967380800752,0.43885705970961153,0.10144311190496436
nodule_1.jpg,Nodule,13960.5,1164.56,191.99,112.97,20684.0,563.15,0.5531751472003832,0.6749419841423322,0.1293561552791923,0.8085583073640519,0.4115839366633679
nodule_2.jpg,Nodule,43945.0,2672.67,304.73,256.5,70865.0,981.7,0.5730094057796473,0.6201227686446059,0.07730875069309837,0.5399006597543929,0.15827125652216723
nodule_3.jpg,Nodule,26591.0,3308.95,283.45,197.66,48062.0,897.33,0.4149924149546541,0.5532645333111398,0.03051856608762066,0.7167439974841361,0.3026636091021344
nodule_4.jpg,Nodule,29962.0,3142.38,329.8,167.84,54954.0,974.76,0.396264589454784,0.5452196382428941,0.03812968870809304,0.8608170759056604,0.4910855063674955
nodule_5.jpg,Nodule,23076.0,3168.58,248.24,167.49,41595.0,799.18,0.45402647773176996,0.5547782185358817,0.02888291625709474,0.7380829712395948,0.3252900418949404
nodule_6.jpg,Nodule,44058.0,3435.02,375.11,189.98,65101.5,1000.24,0.5533835005722721,0.6767586000322573,0.04692195541927483,0.8622606545647858,0.49353522966596475
nodule_7.jpg,Nodule,46734.0,2179.31,304.86,225.19,65986.5,956.84,0.6414520146173074,0.708235775499534,0.12365303914300299,0.6740705956205698,0.26133307091779834
nodule_8.jpg,Nodule,11000.0,2362.08,178.77,146.78,27703.5,622.3,0.3569463515017391,0.3970617431010522,0.024774981813777405,0.5708491119036305,0.17894501314538236
nodule_9.jpg,Nodule,8936.5,1724.77,187.77,118.31,21796.0,575.26,0.33935087227007343,0.4100064231969169,0.037749825157577827,0.7765307525656598,0.36992064760078824
nodule_10.jpg,Nodule,22028.5,3171.88,399.01,211.7,64917.5,1067.29,0.24301322496449007,0.33933068895136137,0.027514478923469445,0.8476454155254856,0.46943685621914244
nodule_11.jpg,Nodule,22576.5,2702.41,257.79,161.66,40403.0,855.79,0.38737542348687076,0.5587827636561642,0.038847582730148766,0.7789390992283416,0.37290042282478
nodule_12.jpg,Nodule,37786.0,4875.37,352.21,271.58,89436.5,1215.82,0.3212197338511101,0.4224896993956606,0.019976786263475425,0.636745452020779,0.2289259248743647
nodule_13.jpg,Nodule,56675.0,3572.49,329.46,317.68,86240.0,1163.27,0.5263084426545076,0.6571776437847866,0.0558032315084069,0.2650141563572661,0.035755478662052975
nodule_14.jpg,Nodule,29854.0,4704.94,294.23,202.23,54522.5,949.4,0.4162113678053012,0.5475537622082627,0.016947444238197537,0.7263552725336738,0.3126805560275976
nodule_15.jpg,Nodule,31727.0,3023.41,307.24,161.04,49507.0,859.72,0.5394172275936613,0.6408588684428465,0.043615894358277216,0.8516256525335486,0.47584949876318194
nodule_16.jpg,Nodule,13160.0,2620.11,202.08,152.15,31648.0,687.85,0.34952502067190117,0.41582406471183014,0.024089439986055082,0.6581124691457808,0.24708036421219326
nodule_17.jpg,Nodule,7960.5,1240.07,129.35,115.1,15056.5,469.66,0.45350602705548393,0.5287085311991498,0.06505157388373262,0.4562848192822143,0.11016621569385388
nodule_18.jpg,Nodule,55178.0,2409.36,338.68,217.92,73329.0,1066.49,0.6096242630946245,0.7524717369662752,0.1194462245049654,0.7654971922089726,0.3565607653241999
nodule_19.jpg,Nodule,43439.0,3727.8,355.18,227.32,78408.0,1105.67,0.4465176503270086,0.5540123456790124,0.03928117543053029,0.7683636518902136,0.3599864857255476
nodule_20.jpg,Nodule,52766.0,2549.02,381.46,206.38,74513.5,1072.16,0.5768260110440988,0.7081401356801117,0.10205106729131151,0.8410054919461019,0.45897341792062074
nodule_21.jpg,Nodule,38653.0,1410.3,307.63,176.68,46350.0,845.5,0.6794630541092248,0.8339374325782093,0.2442137199187863,0.8186264715316728,0.42567369892403206
nodule_22.jpg,Nodule,33389.0,2931.36,395.76,167.55,68208.0,1097.89,0.34809326249697137,0.489517358667605,0.048828677457099616,0.9059603035689457,0.5766373559733171
nodule_23.jpg,Nodule,30092.0,2438.72,389.3,183.36,61713.5,1059.81,0.3366703659637827,0.48760805982483574,0.0635824176241788,0.8821336213509385,0.5290007706139224
nodule_24.jpg,Nodule,16329.5,1744.65,233.23,126.25,27670.0,676.86,0.4479041144509573,0.5901517889410914,0.06741648752577437,0.8408223573573979,0.45868884791836384
nodule_25.jpg,Nodule,10812.0,2169.49,349.44,78.09,26632.5,802.11,0.21117769220214605,0.4059701492537313,0.028866929779043066,0.9747103859261612,0.7765281593406593
nodule_26.jpg,Nodule,25167.5,3445.1,414.58,133.09,55054.0,1051.88,0.28583640819693584,0.4571420786863806,0.02664687447775856,0.9470711655558048,0.678976313377394
nodule_27.jpg,Nodule,27625.0,2348.52,339.6,129.95,38537.5,879.34,0.4489505340898996,0.7168342523516056,0.06293954872971454,0.9238908675726004,0.6173439340400472
nodule_28.jpg,Nodule,44786.5,3646.02,351.66,267.3,85669.5,1187.02,0.39943021628833253,0.5227823204290909,0.04233688442310693,0.6497953597665868,0.23989080361713022
nodule_29.jpg,Nodule,46135.5,3798.6,326.71,225.21,69355.0,1020.26,0.5569591913429816,0.6652079878884003,0.04017889308521911,0.7244504048337559,0.31067307397998223
nodule_30.jpg,Nodule,34860.0,3256.84,293.25,180.59,53872.5,892.89,0.549466638222331,0.6470833913406655,0.04129946256009499,0.7878847825790286,0.38417732310315433
nodule_31.jpg,Nodule,35624.5,3319.39,303.41,213.71,60757.5,961.01,0.4847332690099463,0.5863391350862034,0.040629556247968435,0.7098425006099036,0.2956395636267757
nodule_32.jpg,Nodule,56398.5,2698.21,358.24,257.82,77544.5,1112.52,0.5726137379046512,0.7273049668255002,0.09734775096609673,0.6943005959662296,0.2803148727110317
nodule_33.jpg,Nodule,55083.5,2817.95,357.16,231.74,72774.0,1081.64,0.5916514218395617,0.756911809162613,0.08716955432235257,0.7609241381726185,0.35115914436107065
nodule_34.jpg,Nodule,38797.0,4202.86,331.57,192.25,61936.5,955.76,0.533716104441943,0.6263996189645847,0.027600577023877068,0.8147465717182855,0.4201827668365654
nodule_35.jpg,Nodule,11452.5,1850.85,219.0,111.81,24463.0,632.72,0.3594901865492833,0.4681559906798021,0.04201145451664505,0.8598492865883316,0.4894520547945206
nodule_36.jpg,Nodule,10831.5,1915.82,166.75,143.54,23995.5,588.91,0.3924647087921844,0.4513971369631806,0.037084212639200524,0.5089271468564851,0.13919040479760125
nodule_37.jpg,Nodule,41801.5,2633.89,299.45,241.15,66367.0,960.54,0.5693388505822943,0.6298536923471002,0.07571927785749355,0.5928543088298841,0.19469026548672563
nodule_38.jpg,Nodule,38417.5,2084.99,352.3,182.06,58039.0,959.28,0.5246240357846268,0.661925601750547,0.11105318311883429,0.8561209657381735,0.48322452455293785
nodule_39.jpg,Nodule,5717.0,1010.06,100.32,95.16,9787.0,367.77,0.5311601155502838,0.5841422294880965,0.07041800400617687,0.31658365771922337,0.05143540669856461
nodule_40.jpg,Nodule,41851.0,4076.85,299.44,231.73,73199.0,1010.39,0.5151546509092608,0.5717427833713575,0.03164216845143725,0.6333348146891996,0.22612209457654286
nodule_41.jpg,Nodule,57892.5,2944.23,424.8,278.09,76922.5,1129.99,0.5697482081950966,0.7526081445610842,0.08392448814156858,0.7559429703454646,0.3453625235404897
nodule_42.jpg,Nodule,20337.0,2766.1,230.09,182.95,43804.0,786.17,0.4134888643990449,0.46427266916263354,0.033401117661041764,0.6064473477182512,0.20487635273153992
nodule_43.jpg,Nodule,26797.0,3402.36,543.33,401.19,83267.0,1209.24,0.2302878531235459,0.3218201688544081,0.029089450159189137,0.6743728065960053,0.2616089669261775
nodule_44.jpg,Nodule,35718.5,1689.43,323.59,189.41,48129.5,903.95,0.5493058930178216,0.7421332031290581,0.15726159374013374,0.8107883210766821,0.41466052721035873
nodule_45.jpg,Nodule,25797.5,1983.94,406.04,127.2,36548.5,869.15,0.42913903091253874,0.7058429210501115,0.0823626701444045,0.9496642247614648,0.6867303713919811
nodule_46.jpg,Nodule,36653.0,4081.99,301.43,217.65,73262.0,1041.22,0.42484879205662146,0.5003002921023177,0.027642385413674725,0.6918323288688917,0.27794181070231894
nodule_47.jpg,Nodule,55227.5,2830.72,344.66,282.57,90073.5,1165.95,0.5105113415340491,0.6131381593920521,0.08661067467244221,0.5725762862137128,0.1801485521963675
nodule_48.jpg,Nodule,6362.0,1345.65,124.82,110.48,14429.0,443.67,0.4061471419609281,0.44091759650703444,0.044150873201319274,0.4653731909679178,0.114885435026438
nodule_49.jpg,Nodule,57256.0,2353.56,389.78,208.41,76007.0,1070.87,0.6274185632994038,0.7532990382464773,0.12989137658512923,0.8450506682811747,0.4653137667402124
nodule_50.jpg,Nodule,14789.0,3090.15,325.01,244.76,60063.0,1005.07,0.18397383133706283,0.24622479729617236,0.019462093318812553,0.6579237835942638,0.24691547952370696
nodule_51.jpg,Nodule,48348.5,2919.84,355.83,205.52,70039.0,1035.35,0.5667851892436713,0.6903082568283385,0.0712647492031364,0.8163346676424789,0.4224208189303881
nodule_52.jpg,Nodule,43595.5,3912.55,327.84,255.9,68586.5,1106.14,0.4477456054950734,0.6356280025952629,0.03578753005756132,0.6250762565245304,0.21943631039531475
nodule_53.jpg,Nodule,32282.0,3523.26,321.01,173.75,55784.5,932.34,0.4666826583454688,0.5786912135091289,0.03267991443016739,0.840855030773773,0.4587396031276284
nodule_54.jpg,Nodule,10359.5,1413.01,173.9,113.06,19202.5,539.17,0.4478135388784554,0.5394870459575576,0.06520159021601266,0.7598112201831198,0.3498562392179414
nodule_55.jpg,Nodule,28521.0,2864.76,289.23,164.5,49171.0,876.49,0.46653118755877737,0.5800370136869293,0.04367150155186944,0.8225094023007412,0.43124848736299837
nodule_56.jpg,Nodule,49564.5,5254.44,320.16,236.16,81756.5,1103.2,0.5117667749816188,0.6062453749854751,0.022559409049916806,0.6752038475817151,0.26236881559220393
nodule_57.jpg,Nodule,12890.5,2250.76,216.07,118.03,25767.5,635.69,0.400856442571812,0.5002619578926942,0.03197578760327482,0.83761687293473,0.4537418429212755
nodule_58.jpg,Nodule,54869.0,4092.99,401.34,246.8,87843.5,1226.89,0.4580634669601028,0.6246221974306579,0.041158121228407604,0.7885739384882732,0.385060048836398
nodule_59.jpg,Nodule,14254.0,2091.32,190.34,158.69,27019.0,651.98,0.42138402899995847,0.5275546837410711,0.04095487803444364,0.5521895338846637,0.1662813911947042
nodule_60.jpg,Nodule,26528.0,2467.43,310.11,209.59,48426.5,942.76,0.3750697831994954,0.5477992421504755,0.0547551144893702,0.7370328199960803,0.3241430460159298
nodule_61.jpg,Nodule,26813.5,2041.28,302.05,183.51,44510.0,902.67,0.4135284110149292,0.6024151875982925,0.08086455664144218,0.7942826439029518,0.3924515808640954
nodule_62.jpg,Nodule,44098.0,2381.15,380.56,210.54,63044.5,1032.93,0.5193820963816674,0.6994741809356883,0.09773615464751884,0.8330236801950427,0.4467626655455119
nodule_63.jpg,Nodule,69246.5,2311.2,391.79,220.47,87552.5,1206.45,0.5978455979303973,0.7909140230147625,0.1629043321054313,0.82664421251783,0.4372750708287604
nodule_64.jpg,Nodule,48486.5,5162.95,333.61,248.21,86698.0,1119.2,0.4864243382459233,0.5592574223165471,0.022857822783940607,0.6681657316901433,0.2559875303498097
nodule_65.jpg,Nodule,29615.0,1997.41,251.3,214.78,45590.5,825.84,0.5456696163548176,0.6495870850286792,0.09327970443816021,0.5191622781216382,0.14532431356943898
nodule_66.jpg,Nodule,55691.0,2959.03,382.25,277.91,89718.5,1227.5,0.4644638081868097,0.6207303956263202,0.07992748427983874,0.6865979861282133,0.2729627207325048
nodule_67.jpg,Nodule,31845.5,1719.54,271.32,210.45,46826.0,838.45,0.5692507322583495,0.6800815786101738,0.1353422432148525,0.6311603653536745,0.22434763379035827
nodule_68.jpg,Nodule,27035.0,2748.71,317.14,144.32,45125.0,929.39,0.39331476255795506,0.5991135734072022,0.044965392951442015,0.8904571170870507,0.5449328372327679
